time,x,y,vx,vy
0.0,2872500000000.0,0.0,0.0,6810.0
31571.57157157157,2872499991981.6895,215002402.2023495,-0.5079449330454106,6809.999980990535
63143.14314314314,2872499967926.7603,430004803.2043816,-1.0158898632253575,6809.9999239621375
94714.7147147147,2872499927835.211,645007201.805779,-1.5238347876743763,6809.999828914809
126286.28628628628,2872499871707.042,860009596.8062239,-2.031779703527003,6809.99969584855
157857.85785785786,2872499799542.2544,1075011987.0053995,-2.539724607917775,6809.9995247633615
189429.4294294294,2872499711340.8477,1290014371.202988,-3.0476694979812264,6809.999315659244
221001.001001001,2872499607102.8228,1505016748.198672,-3.5556143708518952,6809.999068536198
252572.57257257256,2872499486828.1807,1720019116.7921424,-4.063559223664386,6809.998783394227
284144.14414414414,2872499350516.9214,1935021475.783103,-4.571504053553441,6809.998460233331
315715.7157157157,2872499198169.046,2150023823.971234,-5.079448857653578,6809.998099053511
347287.2872872873,2872499029784.555,2365026160.156214,-5.587393633099305,6809.997699854773
378858.8588588588,2872498845363.45,2580028483.137723,-6.095338377025131,6809.9972626371145
410430.4304304304,2872498644905.732,2795030791.71544,-6.6032830865655665,6809.996787400541
442002.002002002,2872498428411.402,3010033084.689045,-7.111227758855125,6809.9962741450545
473573.57357357355,2872498195880.46,3225035360.858218,-7.61917239102832,6809.995722870658
505145.1451451451,2872497947312.909,3440037619.02264,-8.127116980219665,6809.995133577354
536716.7167167166,2872497682708.75,3655039857.981991,-8.635061523563675,6809.994506265147
568288.2882882883,2872497402067.984,3870042076.535954,-9.143006018194873,6809.993840934039
599859.8598598598,2872497105390.613,4085044273.4842076,-9.650950461247772,6809.993137584036
631431.4314314314,2872496792676.638,4300046447.626438,-10.1588948498569,6809.9923962151415
663003.003003003,2872496463926.0615,4515048597.762322,-10.66683918115677,6809.9916168273585
694574.5745745746,2872496119138.8853,4730050722.691547,-11.174783452281915,6809.9907994206915
726146.1461461461,2872495758315.1113,4945052821.213793,-11.68272766036685,6809.989943995147
757717.7177177176,2872495381454.741,5160054892.128742,-12.190671802546108,6809.989050550728
789289.2892892893,2872494988557.7773,5375056934.236082,-12.69861587595422,6809.988119087441
820860.8608608608,2872494579624.2217,5590058946.335493,-13.20655987772571,6809.98714960529
852432.4324324324,2872494154654.077,5805060927.226662,-13.714503804995106,6809.986142104282
884004.004004004,2872493713647.3457,6020062875.709269,-14.222447654896945,6809.9850965844225
915575.5755755756,2872493256604.03,6235064790.583004,-14.730391424565763,6809.984013045718
947147.1471471471,2872492783524.1323,6450066670.647545,-15.238335111136086,6809.982891488173
978718.7187187187,2872492294407.656,6665068514.702587,-15.746278711742457,6809.981731911795
1010290.2902902903,2872491789254.6025,6880070321.547808,-16.254222223519413,6809.98053431659
1041861.8618618618,2872491268064.976,7095072089.982899,-16.762165643601495,6809.979298702566
1073433.4334334333,2872490730838.779,7310073818.807541,-17.27010896912324,6809.9780250697295
1105005.005005005,2872490177576.014,7525075506.821426,-17.778052197219196,6809.976713418088
1136576.5765765766,2872489608276.6855,7740077152.82424,-18.285995325023894,6809.97536374765
1168148.148148148,2872489022940.795,7955078755.615669,-18.793938349671894,6809.973976058422
1199719.7197197196,2872488421568.347,8170080313.995399,-19.30188126829773,6809.972550350411
1231291.2912912914,2872487804159.344,8385081826.763123,-19.809824078035962,6809.971086623627
1262862.8628628629,2872487170713.7905,8600083292.718525,-20.317766776021127,6809.969584878078
1294434.4344344344,2872486521231.69,8815084710.661295,-20.825709359387783,6809.968045113774
1326006.006006006,2872485855713.045,9030086079.391123,-21.333651825270486,6809.966467330721
1357577.5775775774,2872485174157.86,9245087397.707695,-21.841594170803777,6809.964851528929
1389149.1491491492,2872484476566.139,9460088664.410707,-22.34953639312223,6809.963197708409
1420720.7207207207,2872483762937.8857,9675089878.299843,-22.85747848936038,6809.961505869169
1452292.2922922922,2872483033273.104,9890091038.174795,-23.365420456652792,6809.959776011218
1483863.8638638637,2872482287571.7983,10105092142.835258,-23.873362292134036,6809.958008134568
1515435.4354354353,2872481525833.973,10320093191.08091,-24.381303992938662,6809.956202239229
1547007.007007007,2872480748059.632,10535094181.711464,-24.889245556201235,6809.95435832521
1578578.5785785785,2872479954248.78,10750095113.52659,-25.397186979056315,6809.952476392522
1610150.15015015,2872479144401.4204,10965095985.32599,-25.905128258638477,6809.950556441177
1641721.7217217216,2872478318517.5596,11180096795.909357,-26.41306939208228,6809.948598471184
1673293.2932932933,2872477476597.2007,11395097544.076384,-26.921010376522297,6809.946602482555
1704864.8648648649,2872476618640.349,11610098228.626759,-27.42895120909309,6809.944568475303
1736436.4364364364,2872475744647.01,11825098848.360178,-27.936891886929228,6809.942496449438
1768008.008008008,2872474854617.1875,12040099402.076334,-28.444832407165293,6809.940386404973
1799579.5795795794,2872473948550.887,12255099888.574923,-28.952772766935855,6809.93823834192
1831151.1511511512,2872473026448.1143,12470100306.655638,-29.460712963375492,6809.93605226029
1862722.7227227227,2872472088308.873,12685100655.118174,-29.968652993618775,6809.933828160098
1894294.2942942942,2872471134133.17,12900100932.762222,-30.47659285480028,6809.931566041354
1925865.8658658657,2872470163921.01,13115101138.387482,-30.98453254405459,6809.929265904073
1957437.4374374375,2872469177672.3984,13330101270.793648,-31.49247205851629,6809.926927748268
1989009.009009009,2872468175387.341,13545101328.780415,-32.00041139531996,6809.924551573952
2020580.5805805805,2872467157065.843,13760101311.14748,-32.50835055160017,6809.922137381139
2052152.152152152,2872466122707.91,13975101216.694538,-33.016289524491526,6809.9196851698425
2083723.7237237236,2872465072313.5493,14190101044.221287,-33.5242283111286,6809.917194940078
2115295.2952952953,2872464005882.765,14405100792.527428,-34.032166908646,6809.914666691858
2146866.8668668666,2872462923415.5645,14620100460.41265,-34.540105314178284,6809.912100425197
2178438.4384384383,2872461824911.953,14835100046.676659,-35.04804352486007,6809.9094961401115
2210010.01001001,2872460710371.9375,15050099550.119148,-35.55598153782594,6809.9068538366155
2241581.5815815814,2872459579795.5234,15265098969.539818,-36.063919350210476,6809.904173514724
2273153.153153153,2872458433182.718,15480098303.738367,-36.5718569591483,6809.901455174453
2304724.7247247244,2872457270533.527,15695097551.514492,-37.07979436177398,6809.898698815818
2336296.296296296,2872456091847.956,15910096711.682037,-37.587731555350935,6809.895904438827
2367867.867867868,2872454897126.011,16125095783.059563,-38.095668537186306,6809.893072043486
2399439.439439439,2872453686367.699,16340094764.446424,-38.60360530441249,6809.890201629813
2431011.011011011,2872452459573.0264,16555093654.641882,-39.111541854160976,6809.887293197825
2462582.5825825827,2872451216742.0,16770092452.445189,-39.619478183563224,6809.884346747537
2494154.154154154,2872449957874.627,16985091156.655602,-40.127414289750725,6809.881362278967
2525725.7257257258,2872448682970.9146,17200089766.07239,-40.635350169854995,6809.8783397921325
2557297.297297297,2872447392030.87,17415088279.49482,-41.14328582100755,6809.875279287051
2588868.868868869,2872446085054.5005,17630086695.722157,-41.65122124033993,6809.87218076374
2620440.4404404406,2872444762041.8135,17845085013.553677,-42.159156424983685,6809.869044222219
2652012.012012012,2872443422992.8164,18060083231.78865,-42.66709137207037,6809.865869662503
2683583.5835835836,2872442067907.5166,18275081349.226364,-43.17502607873156,6809.862657084614
2715155.155155155,2872440696785.922,18490079364.666096,-43.68296054209887,6809.859406488568
2746726.7267267266,2872439309628.0405,18705077276.90714,-44.19089475930389,6809.856117874386
2778298.2982982984,2872437906433.88,18920075084.748775,-44.698828727478244,6809.852791242085
2809869.8698698697,2872436487203.4478,19135072786.9903,-45.20676244375355,6809.849426591686
2841441.4414414414,2872435051936.752,19350070382.431007,-45.714695905261486,6809.846023923208
2873013.0130130127,2872433600633.802,19565067869.870193,-46.22262910913369,6809.842583236671
2904584.5845845845,2872432133294.604,19780065248.10717,-46.73056205250187,6809.839104532095
2936156.156156156,2872430649919.168,19995062515.941235,-47.238494732497685,6809.835587809499
2967727.7277277275,2872429150507.5015,20210059672.171696,-47.746427146252856,6809.832033068905
2999299.2992992993,2872427635059.6133,20425056715.59787,-48.25435929089912,6809.828440310333
3030870.8708708705,2872426103575.5117,20640053645.01907,-48.762291163568165,6809.824809533803
3062442.4424424423,2872424556055.2056,20855050459.234615,-49.270222761391786,6809.821140739337
3094014.014014014,2872422992498.7036,21070047157.04383,-49.778154081501725,6809.817433926957
3125585.5855855853,2872421412906.0146,21285043737.24603,-50.28608512102976,6809.813689096683
3157157.157157157,2872419817277.148,21500040198.640556,-50.79401587710768,6809.809906248537
3188728.728728729,2872418205612.112,21715036540.02673,-51.30194634686731,6809.806085382543
3220300.3003003,2872416577910.916,21930032760.203888,-51.80987652744044,6809.802226498719
3251871.871871872,2872414934173.569,22145028857.971375,-52.31780641595892,6809.798329597092
3283443.443443443,2872413274400.081,22360024832.12852,-52.825736009554596,6809.794394677681
3315015.015015015,2872411598590.4604,22575020681.47468,-53.33366530535933,6809.790421740512
3346586.5865865867,2872409906744.718,22790016404.809196,-53.84159430050501,6809.786410785605
3378158.158158158,2872408198862.862,23005012000.931423,-54.349522992123504,6809.782361812985
3409729.7297297297,2872406474944.9023,23220007468.64071,-54.857451377346734,6809.778274822675
3441301.301301301,2872404734990.8496,23435002806.73642,-55.36537945330661,6809.774149814699
3472872.8728728727,2872402979000.713,23649998014.017906,-55.87330721713508,6809.76998678908
3504444.4444444445,2872401206974.502,23864993089.284546,-56.38123466596407,6809.7657857458435
3536016.016016016,2872399418912.2275,24079988031.33569,-56.88916179692555,6809.761546685012
3567587.5875875875,2872397614813.899,24294982838.970722,-57.39708860715151,6809.757269606612
3599159.159159159,2872395794679.527,24509977510.989006,-57.905015093773926,6809.752954510667
3630730.7307307306,2872393958509.1216,24724972046.189934,-58.412941253924814,6809.748601397203
3662302.3023023023,2872392106302.6934,24939966443.372868,-58.920867084736166,6809.744210266244
3693873.8738738736,2872390238060.253,25154960701.337204,-59.42879258334004,6809.739781117817
3725445.4454454454,2872388353781.81,25369954818.88232,-59.936717746868496,6809.735313951946
3757017.017017017,2872386453467.3765,25584948794.807617,-60.44464257245356,6809.730808768659
3788588.5885885884,2872384537116.962,25799942627.912476,-60.95256705722732,6809.726265567979
3820160.16016016,2872382604730.5776,26014936316.996307,-61.46049119832187,6809.721684349935
3851731.7317317314,2872380656308.235,26229929860.858498,-61.96841499286931,6809.7170651145525
3883303.303303303,2872378691849.9443,26444923258.298454,-62.47633843800178,6809.712407861858
3914874.874874875,2872376711355.717,26659916508.115593,-62.984261530851384,6809.707712591879
3946446.4464464462,2872374714825.564,26874909609.109306,-63.492184268550275,6809.702979304642
3978018.018018018,2872372702259.4966,27089902560.079025,-64.00010664823063,6809.698208000175
4009589.5895895893,2872370673657.527,27304895359.82415,-64.5080286670246,6809.693398678505
4041161.161161161,2872368629019.665,27519888007.144104,-65.0159503220644,6809.688551339661
4072732.732732733,2872366568345.924,27734880500.83832,-65.52387161048222,6809.683665983671
4104304.304304304,2872364491636.3145,27949872839.706215,-66.03179252941025,6809.678742610561
4135875.875875876,2872362398890.8486,28164865022.54722,-66.53971307598079,6809.673781220363
4167447.447447447,2872360290109.538,28379857048.160767,-67.047633247326,6809.668781813102
4199019.019019019,2872358165292.3945,28594848915.346287,-67.55555304057822,6809.66374438881
4230590.590590591,2872356024439.4307,28809840622.90323,-68.06347245286969,6809.658668947514
4262162.162162162,2872353867550.6577,29024832169.631027,-68.57139148133268,6809.653555489245
4293733.733733733,2872351694626.0884,29239823554.329124,-69.07931012309952,6809.648404014032
4325305.305305305,2872349505665.735,29454814775.79699,-69.58722837530253,6809.643214521904
4356876.876876877,2872347300669.61,29669805832.834045,-70.09514623507403,6809.637987012892
4388448.448448448,2872345079637.725,29884796724.23977,-70.60306369954637,6809.632721487026
4420020.02002002,2872342842570.0938,30099787448.813614,-71.1109807658519,6809.627417944337
4451591.591591591,2872340589466.728,30314778005.355026,-71.618897431123,6809.622076384854
4483163.163163163,2872338320327.6406,30529768392.66349,-72.12681369249206,6809.616696808609
4514734.7347347345,2872336035152.8447,30744758609.538467,-72.6347295470915,6809.611279215634
4546306.306306306,2872333733942.353,30959748654.779434,-73.1426449920537,6809.605823605959
4577877.877877878,2872331416696.1787,31174738527.18586,-73.65056002451112,6809.600329979615
4609449.449449449,2872329083414.3345,31389728225.557213,-74.15847464159619,6809.594798336636
4641021.021021021,2872326734096.8335,31604717748.69299,-74.66638884044139,6809.589228677051
4672592.592592592,2872324368743.69,31819707095.392673,-75.17430261817915,6809.583621000896
4704164.164164164,2872321987354.916,32034696264.455746,-75.68221597194201,6809.5779753082
4735735.735735736,2872319589930.526,32249685254.681694,-76.19012889886245,6809.572291598997
4767307.307307308,2872317176470.5327,32464674064.870026,-76.69804139607298,6809.56656987332
4798878.878878878,2872314746974.95,32679662693.82022,-77.20595346070613,6809.560810131202
4830450.45045045,2872312301443.7925,32894651140.3318,-77.71386508989445,6809.555012372676
4862022.022022022,2872309839877.0723,33109639403.204254,-78.22177628077051,6809.549176597776
4893593.593593594,2872307362274.8047,33324627481.237095,-78.72968703046688,6809.543302806535
4925165.165165165,2872304868637.0034,33539615373.229828,-79.23759733611612,6809.537390998988
4956736.736736736,2872302358963.682,33754603077.981968,-79.74550719485084,6809.531441175168
4988308.308308308,2872299833254.8555,33969590594.29304,-80.25341660380371,6809.52545333511
5019879.87987988,2872297291510.537,34184577920.962555,-80.76132556010728,6809.519427478848
5051451.4514514515,2872294733730.742,34399565056.79004,-81.26923406089426,6809.513363606418
5083023.023023023,2872292159915.4844,34614552000.57503,-81.77714210329728,6809.507261717855
5114594.594594594,2872289570064.7783,34829538751.117035,-82.28504968444898,6809.501121813193
5146166.166166166,2872286964178.639,35044525307.21561,-82.79295680148212,6809.494943892468
5177737.737737738,2872284342257.0815,35259511667.67027,-83.30086345152935,6809.488727955716
5209309.309309309,2872281704300.1196,35474497831.28058,-83.8087696317234,6809.482474002973
5240880.880880881,2872279050307.769,35689483796.84607,-84.31667533919696,6809.476182034274
5272452.452452452,2872276380280.044,35904469563.16627,-84.82458057108285,6809.469852049657
5304024.024024024,2872273694216.9604,36119455129.04076,-85.33248532451378,6809.463484049157
5335595.595595595,2872270992118.5327,36334440493.26907,-85.84038959662254,6809.457078032812
5367167.167167167,2872268273984.777,36549425654.65077,-86.3482933845419,6809.450634000659
5398738.738738739,2872265539815.708,36764410611.98541,-86.85619668540467,6809.4441519527345
5430310.31031031,2872262789611.341,36979395364.072556,-87.36409949634364,6809.437631889076
5461881.8818818815,2872260023371.692,37194379909.71176,-87.87200181449168,6809.431073809722
5493453.453453453,2872257241096.776,37409364247.70263,-88.37990363698162,6809.42447771471
5525025.025025025,2872254442786.6094,37624348376.8447,-88.8878049609463,6809.4178436040775
5556596.596596597,2872251628441.2075,37839332295.93756,-89.39570578351864,6809.411171477863
5588168.168168168,2872248798060.587,38054316003.78079,-89.90360610183143,6809.404461336106
5619739.739739739,2872245951644.7627,38269299499.17398,-90.41150591301769,6809.397713178843
5651311.311311311,2872243089193.7515,38484282780.91669,-90.91940521421026,6809.390927006116
5682882.882882883,2872240210707.5693,38699265847.80853,-91.42730400254206,6809.384102817961
5714454.454454455,2872237316186.232,38914248698.64908,-91.93520227514608,6809.377240614421
5746026.026026025,2872234405629.757,39129231332.23794,-92.44310002915523,6809.370340395532
5777597.597597597,2872231479038.159,39344213747.37471,-92.95099726170253,6809.363402161336
5809169.169169169,2872228536411.4565,39559195942.85899,-93.45889396992092,6809.356425911873
5840740.740740741,2872225577749.6646,39774177917.49039,-93.96679015094347,6809.349411647183
5872312.312312312,2872222603052.801,39989159670.06851,-94.47468580190309,6809.342359367306
5903883.883883883,2872219612320.882,40204141199.39296,-94.98258091993287,6809.335269072283
5935455.455455455,2872216605553.924,40419122504.26337,-95.49047550216586,6809.328140762155
5967027.027027027,2872213582751.945,40634103583.47934,-95.99836954573509,6809.320974436964
5998598.5985985985,2872210543914.9614,40849084435.8405,-96.50626304777367,6809.31377009675
6030170.17017017,2872207489042.99,41064065060.14648,-97.01415600541463,6809.306527741554
6061741.741741741,2872204418136.0493,41279045455.196884,-97.5220484157911,6809.299247371421
6093313.313313313,2872201331194.156,41494025619.79137,-98.0299402760362,6809.291928986389
6124884.884884885,2872198228217.3267,41709005552.72956,-98.53783158328305,6809.284572586504
6156456.456456456,2872195109205.58,41923985252.8111,-99.04572233466479,6809.277178171806
6188028.028028028,2872191974158.933,42138964718.83561,-99.55361252731458,6809.269745742338
6219599.5995996,2872188823077.404,42353943949.60277,-100.06150215836558,6809.262275298143
6251171.171171171,2872185655961.01,42568922943.91217,-100.56939122495095,6809.254766839265
6282742.742742742,2872182472809.769,42783901700.563515,-101.07727972420398,6809.247220365747
6314314.314314314,2872179273623.6997,42998880218.35644,-101.58516765325777,6809.239635877632
6345885.885885886,2872176058402.8193,43213858496.09061,-102.09305500924565,6809.232013374964
6377457.457457458,2872172827147.146,43428836532.56564,-102.60094178930078,6809.2243528577865
6409029.0290290285,2872169579856.6987,43643814326.58127,-103.10882799055643,6809.216654326145
6440600.6006006,2872166316531.495,43858791876.9371,-103.61671361014592,6809.208917780083
6472172.172172172,2872163037171.5537,44073769182.432846,-104.1245986452025,6809.201143219645
6503743.743743744,2872159741776.8936,44288746241.86815,-104.63248309285947,6809.193330644876
6535315.3153153155,2872156430347.5327,44503723054.042694,-105.14036695025013,6809.185480055822
6566886.886886886,2872153102883.49,44718699617.75616,-105.64825021450781,6809.177591452528
6598458.458458458,2872149759384.784,44933675931.808235,-106.15613288276586,6809.169664835038
6630030.03003003,2872146399851.4346,45148651994.99861,-106.66401495215766,6809.161700203399
6661601.601601602,2872143024283.4595,45363627806.12697,-107.17189641981655,6809.153697557657
6693173.173173173,2872139632680.878,45578603363.993004,-107.6797772828759,6809.145656897857
6724744.744744744,2872136225043.7095,45793578667.396416,-108.18765753846915,6809.137578224048
6756316.316316316,2872132801371.973,46008553715.136894,-108.69553718372967,6809.129461536274
6787887.887887888,2872129361665.6885,46223528506.014145,-109.20341621579091,6809.121306834583
6819459.459459459,2872125905924.8745,46438503038.82788,-109.71129463178632,6809.113114119023
6851031.031031031,2872122434149.5513,46653477312.37781,-110.21917242884932,6809.104883389638
6882602.602602602,2872118946339.738,46868451325.46362,-110.72704960411338,6809.096614646479
6914174.174174174,2872115442495.454,47083425076.885056,-111.23492615471203,6809.088307889591
6945745.7457457455,2872111922616.72,47298398565.44183,-111.74280207777873,6809.079963119025
6977317.317317317,2872108386703.555,47513371789.93366,-112.25067737044701,6809.071580334827
7008888.888888889,2872104834755.98,47728344749.16028,-112.75855202985039,6809.063159537044
7040460.46046046,2872101266774.0137,47943317441.9214,-113.26642605312239,6809.054700725728
7072032.032032032,2872097682757.677,48158289867.01677,-113.7742994373966,6809.046203900925
7103603.603603603,2872094082706.9897,48373262023.24612,-114.28217217980655,6809.037669062686
7135175.175175175,2872090466621.973,48588233909.40919,-114.79004427748586,6809.029096211059
7166746.746746747,2872086834502.6465,48803205524.30571,-115.2979157275681,6809.020485346094
7198318.318318318,2872083186349.031,49018176866.73541,-115.80578652718685,6809.01183646784
7229889.889889889,2872079522161.147,49233147935.49809,-116.31365667347583,6809.003149576348
7261461.461461461,2872075841939.015,49448118729.39346,-116.8215261635686,6808.994424671667
7293033.033033033,2872072145682.6562,49663089247.22129,-117.32939499459889,6808.985661753847
7324604.604604605,2872068433392.091,49878059487.78134,-117.83726316370024,6808.976860822941
7356176.1761761755,2872064705067.341,50093029449.87336,-118.34513066800645,6808.968021878996
7387747.747747747,2872060960708.4263,50307999132.29712,-118.85299750465117,6808.959144922066
7419319.319319319,2872057200315.3687,50522968533.85238,-119.36086367076811,6808.950229952202
7450890.890890891,2872053423888.189,50737937653.33892,-119.86872916349103,6808.941276969454
7482462.4624624625,2872049631426.909,50952906489.55652,-120.3765939799536,6808.932285973874
7514034.034034034,2872045822931.5503,51167875041.30494,-120.88445811728963,6808.923256965514
7545605.605605605,2872041998402.1333,51382843307.383965,-121.39232157263285,6808.914189944427
7577177.177177177,2872038157838.6807,51597811286.5934,-121.90018434311709,6808.905084910664
7608748.748748749,2872034301241.214,51812778977.733,-122.40804642587608,6808.895941864278
7640320.32032032,2872030428609.754,52027746379.602585,-122.9159078180437,6808.886760805322
7671891.891891892,2872026539944.3237,52242713491.00193,-123.42376851675378,6808.877541733848
7703463.463463463,2872022635244.9443,52457680310.730835,-123.93162851914006,6808.8682846499105
7735035.035035035,2872018714511.638,52672646837.58909,-124.43948782233649,6808.858989553562
7766606.606606606,2872014777744.4277,52887613070.37652,-124.94734642347686,6808.849656444856
7798178.178178178,2872010824943.3345,53102579007.89293,-125.45520431969511,6808.840285323848
7829749.74974975,2872006856108.381,53317544648.93812,-125.96306150812516,6808.830876190589
7861321.321321321,2872002871239.59,53532509992.311874,-126.47091798590081,6808.821429045135
7892892.8928928925,2871998870336.984,53747475036.814064,-126.97877375015608,6808.811943887541
7924464.464464464,2871994853400.585,53962439781.24449,-127.4866287980249,6808.8024207178605
7956036.036036036,2871990820430.416,54177404224.40297,-127.99448312664121,6808.792859536149
7987607.607607608,2871986771426.4995,54392368365.08932,-128.50233673313892,6808.783260342462
8019179.179179179,2871982706388.859,54607332202.10337,-129.0101896146521,6808.773623136854
8050750.75075075,2871978625317.517,54822295734.24498,-129.51804176831467,6808.763947919382
8082322.322322322,2871974528212.4966,55037258960.31396,-130.0258931912607,6808.7542346901
8113893.893893894,2871970415073.821,55252221879.11015,-130.53374388062417,6808.744483449064
8145465.465465466,2871966285901.5127,55467184489.43341,-131.04159383353914,6808.734694196332
8177037.037037036,2871962140695.5957,55682146790.08356,-131.54944304713965,6808.72486693196
8208608.608608608,2871957979456.0938,55897108779.860466,-132.0572915185598,6808.715001656003
8240180.18018018,2871953802183.03,56112070457.56398,-132.56513924493362,6808.705098368519
8271751.751751752,2871949608876.4272,56327031821.99396,-133.07298622339522,6808.6951570695655
8303323.323323323,2871945399536.31,56541992871.95027,-133.58083245107878,6808.685177759199
8334894.894894894,2871941174162.7017,56756953606.23274,-134.08867792511825,6808.675160437478
8366466.466466466,2871936932755.6265,56971914023.641266,-134.59652264264793,6808.665105104458
8398038.038038038,2871932675315.1084,57186874122.97571,-135.10436660080194,6808.6550117602
8429609.60960961,2871928401841.1704,57401833903.03594,-135.6122097967144,6808.64488040476
8461181.181181181,2871924112333.838,57616793362.621826,-136.12005222751952,6808.6347110381985
8492752.752752753,2871919806793.135,57831752500.533264,-136.6278938903515,6808.6245036605715
8524324.324324325,2871915485219.0845,58046711315.57011,-137.1357347823445,6808.614258271939
8555895.895895896,2871911147611.7124,58261669806.532265,-137.6435749006328,6808.603974872361
8587467.467467466,2871906793971.0425,58476627972.2196,-138.1514142423506,6808.593653461896
8619039.039039038,2871902424297.0996,58691585811.432045,-138.65925280463216,6808.583294040603
8650610.61061061,2871898038589.908,58906543322.96946,-139.16709058461174,6808.572896608542
8682182.182182182,2871893636849.493,59121500505.63175,-139.67492757942367,6808.562461165773
8713753.753753753,2871889219075.879,59336457358.21882,-140.1827637862022,6808.551987712356
8745325.325325325,2871884785269.091,59551413879.53059,-140.69059920208161,6808.541476248352
8776896.896896897,2871880335429.1543,59766370068.36693,-141.1984338241963,6808.530926773821
8808468.468468469,2871875869556.0933,59981325923.52779,-141.7062676496805,6808.520339288824
8840040.04004004,2871871387649.934,60196281443.813034,-142.21410067566865,6808.509713793423
8871611.611611612,2871866889710.701,60411236628.02264,-142.72193289929513,6808.499050287677
8903183.183183182,2871862375738.4204,60626191474.95646,-143.22976431769416,6808.488348771649
8934754.754754754,2871857845733.117,60841145983.41448,-143.7375949280003,6808.4776092454
8966326.326326326,2871853299694.8174,61056100152.196625,-144.24542472734797,6808.466831708994
8997897.897897897,2871848737623.546,61271053980.10277,-144.75325371287144,6808.4560161624895
9029469.469469469,2871844159519.3286,61486007465.93291,-145.26108188170528,6808.445162605951
9061041.04104104,2871839565382.1924,61700960608.48693,-145.76890923098387,6808.43427103944
9092612.612612613,2871834955212.1616,61915913406.5648,-146.2767357578417,6808.423341463022
9124184.184184184,2871830329009.2637,62130865858.96648,-146.78456145941328,6808.412373876757
9155755.755755756,2871825686773.5234,62345817964.491875,-147.29238633283302,6808.401368280708
9187327.327327328,2871821028504.9683,62560769721.94094,-147.80021037523545,6808.390324674941
9218898.898898898,2871816354203.6235,62775721130.11365,-148.3080335837551,6808.379243059518
9250470.47047047,2871811663869.516,62990672187.80996,-148.81585595552656,6808.368123434503
9282042.042042041,2871806957502.6724,63205622893.82982,-149.3236774876844,6808.356965799961
9313613.613613613,2871802235103.1187,63420573246.97319,-149.83149817736302,6808.345770155954
9345185.185185185,2871797496670.882,63635523246.040054,-150.33931802169718,6808.334536502549
9376756.756756756,2871792742205.9883,63850472889.83036,-150.84713701782135,6808.323264839809
9408328.328328328,2871787971708.466,64065422177.1441,-151.3549551628702,6808.3119551678
9439899.8998999,2871783185178.3403,64280371106.78122,-151.86277245397832,6808.300607486587
9471471.471471472,2871778382615.6387,64495319677.541725,-152.3705888882803,6808.289221796234
9503043.043043043,2871773564020.389,64710267888.22561,-152.8784044629109,6808.277798096809
9534614.614614615,2871768729392.6177,64925215737.63282,-153.38621917500473,6808.266336388378
9566186.186186185,2871763878732.3525,65140163224.56335,-153.89403302169643,6808.254836671003
9597757.757757757,2871759012039.62,65355110347.81723,-154.40184600012074,6808.243298944754
9629329.329329329,2871754129314.4487,65570057106.19443,-154.90965810741238,6808.2317232096975
9660900.9009009,2871749230556.8657,65785003498.49495,-155.417469340706,6808.220109465898
9692472.472472472,2871744315766.8984,65999949523.51878,-155.9252796971364,6808.208457713424
9724044.044044044,2871739384944.5747,66214895180.06596,-156.4330891738383,6808.196767952341
9755615.615615616,2871734438089.9224,66429840466.936455,-156.94089776794647,6808.185040182719
9787187.187187187,2871729475202.9697,66644785382.93031,-157.44870547659565,6808.173274404623
9818758.75875876,2871724496283.744,66859729926.84753,-157.9565122969207,6808.161470618123
9850330.33033033,2871719501332.274,67074674097.48812,-158.46431822605638,6808.149628823285
9881901.9019019,2871714490348.5874,67289617893.652115,-158.97212326113748,6808.1377490201785
9913473.473473473,2871709463332.7124,67504561314.139534,-159.47992739929896,6808.125831208871
9945045.045045044,2871704420284.678,67719504357.75041,-159.9877306376755,6808.113875389432
9976616.616616616,2871699361204.512,67934447023.284775,-160.49553297340208,6808.10188156193
10008188.188188188,2871694286092.244,68149389309.54266,-161.00333440361356,6808.089849726434
10039759.75975976,2871689194947.9014,68364331215.324104,-161.51113492544482,6808.077779883014
10071331.331331331,2871684087771.513,68579272739.429146,-162.0189345360307,6808.065672031739
10102902.902902903,2871678964563.109,68794213880.65784,-162.52673323250622,6808.053526172679
10134474.474474475,2871673825322.7163,69009154637.81021,-163.03453101200625,6808.041342305903
10166046.046046047,2871668670050.3657,69224095009.68633,-163.54232787166575,6808.029120431483
10197617.617617616,2871663498746.085,69439034995.08621,-164.05012380861967,6808.016860549486
10229189.189189188,2871658311409.904,69653974592.80997,-164.557918820003,6808.004562659988
10260760.76076076,2871653108041.8516,69868913801.65767,-165.0657129029508,6807.9922267630545
10292332.332332332,2871647888641.9575,70083852620.42929,-165.573506054598,6807.97985285876
10323903.903903903,2871642653210.2515,70298791047.92499,-166.0812982720796,6807.9674409471745
10355475.475475475,2871637401746.762,70513729082.94482,-166.58908955253065,6807.9549910283695
10387047.047047047,2871632134251.52,70728666724.28879,-167.09687989308622,6807.942503102417
10418618.618618619,2871626850724.5537,70943603970.75705,-167.60466929088142,6807.929977169389
10450190.19019019,2871621551165.8945,71158540821.14966,-168.11245774305115,6807.9174132293565
10481761.761761762,2871616235575.5713,71373477274.26668,-168.6202452467307,6807.904811282393
10513333.333333332,2871610903953.614,71588413328.9082,-169.128031799055,6807.892171328572
10544904.904904904,2871605556300.053,71803348983.87434,-169.63581739715931,6807.879493367965
10576476.476476476,2871600192614.919,72018284237.96518,-170.1436020381787,6807.866777400644
10608048.048048047,2871594812898.241,72233219089.9808,-170.65138571924837,6807.854023426685
10639619.61961962,2871589417150.051,72448153538.72134,-171.15916843750335,6807.841231446158
10671191.19119119,2871584005370.3774,72663087582.98685,-171.66695019007898,6807.828401459141
10702762.762762763,2871578577559.2524,72878021221.57745,-172.17473097411033,6807.815533465704
10734334.334334334,2871573133716.706,73092954453.29329,-172.68251078673268,6807.802627465923
10765905.905905906,2871567673842.7695,73307887276.93442,-173.19028962508116,6807.789683459872
10797477.477477478,2871562197937.4727,73522819691.30101,-173.6980674862911,6807.776701447626
10829049.04904905,2871556706000.8467,73737751695.19315,-174.20584436749766,6807.763681429258
10860620.62062062,2871551198032.9233,73952683287.41095,-174.71362026583614,6807.750623404846
10892192.192192191,2871545674033.733,74167614466.75458,-175.2213951784418,6807.737527374463
10923763.763763763,2871540134003.3066,74382545232.02412,-175.72916910245,6807.724393338184
10955335.335335335,2871534577941.676,74597475582.01974,-176.23694203499593,6807.7112212960865
10986906.906906907,2871529005848.872,74812405515.54156,-176.74471397321503,6807.698011248245
11018478.478478478,2871523417724.927,75027335031.38972,-177.25248491424253,6807.684763194737
11050050.05005005,2871517813569.871,75242264128.36435,-177.76025485521382,6807.671477135636
11081621.621621622,2871512193383.737,75457192805.26562,-178.2680237932642,6807.658153071022
11113193.193193194,2871506557166.5557,75672121060.89366,-178.7757917255292,6807.644791000969
11144764.764764765,2871500904918.36,75887048894.04861,-179.28355864914403,6807.631390925556
11176336.336336335,2871495236639.1807,76101976303.53064,-179.79132456124415,6807.617952844859
11207907.907907907,2871489552329.0503,76316903288.13992,-180.299089458965,6807.604476758956
11239479.479479479,2871483851988.001,76531829846.6766,-180.806853339442,6807.590962667923
11271051.05105105,2871478135616.0645,76746755977.94084,-181.3146161998106,6807.57741057184
11302622.622622622,2871472403213.2734,76961681680.73282,-181.8223780372063,6807.563820470784
11334194.194194194,2871466654779.66,77176606953.85272,-182.33013884876453,6807.550192364833
11365765.765765766,2871460890315.257,77391531796.10065,-182.8378986316207,6807.536526254065
11397337.337337337,2871455109820.096,77606456206.27686,-183.34565738291047,6807.522822138561
11428908.90890891,2871449313294.2104,77821380183.1815,-183.85341509976928,6807.509080018398
11460480.480480481,2871443500737.633,78036303725.61478,-184.3611717793326,6807.495299893656
11492052.05205205,2871437672150.396,78251226832.37683,-184.86892741873606,6807.481481764414
11523623.623623623,2871431827532.5327,78466149502.26791,-185.37668201511514,6807.467625630751
11555195.195195194,2871425966884.076,78681071734.08817,-185.88443556560554,6807.4537314927475
11586766.766766766,2871420090205.059,78895993526.63782,-186.39218806734277,6807.439799350484
11618338.338338338,2871414197495.5146,79110914878.71706,-186.89993951746243,6807.425829204039
11649909.90990991,2871408288755.476,79325835789.1261,-187.4076899131001,6807.411821053494
11681481.481481481,2871402363984.977,79540756256.66512,-187.9154392513915,6807.39777489893
11713053.053053053,2871396423184.051,79755676280.13437,-188.42318752947222,6807.383690740428
11744624.624624625,2871390466352.731,79970595858.33401,-188.9309347444779,6807.3695685780685
11776196.196196197,2871384493491.051,80185514990.0643,-189.43868089354424,6807.355408411933
11807767.767767766,2871378504599.044,80400433674.12546,-189.94642597380692,6807.3412102421025
11839339.339339338,2871372499676.745,80615351909.31772,-190.4541699824016,6807.32697406866
11870910.91091091,2871366478724.187,80830269694.44125,-190.9619129164641,6807.312699891687
11902482.482482482,2871360441741.4043,81045187028.29636,-191.46965477313006,6807.298387711265
11934054.054054054,2871354388728.4307,81260103909.68321,-191.9773955495353,6807.284037527476
11965625.625625625,2871348319685.301,81475020337.40208,-192.48513524281543,6807.2696493404055
11997197.197197197,2871342234612.0483,81689936310.25319,-192.99287385010643,6807.255223150133
12028768.768768769,2871336133508.708,81904851827.0368,-193.5006113685439,6807.240758956744
12060340.34034034,2871330016375.314,82119766886.55313,-194.00834779526377,6807.226256760319
12091911.911911912,2871323883211.901,82334681487.60246,-194.51608312740177,6807.211716560944
12123483.483483482,2871317734018.503,82549595628.98502,-195.02381736209372,6807.197138358702
12155055.055055054,2871311568795.156,82764509309.50107,-195.53155049647557,6807.182522153678
12186626.626626626,2871305387541.893,82979422527.95087,-196.0392825276831,6807.167867945954
12218198.198198197,2871299190258.7505,83194335283.13469,-196.54701345285224,6807.153175735616
12249769.76976977,2871292976945.7627,83409247573.85278,-197.05474326911877,6807.138445522747
12281341.34134134,2871286747602.965,83624159398.90543,-197.5624719736187,6807.123677307434
12312912.912912913,2871280502230.3916,83839070757.0929,-198.07019956348785,6807.10887108976
12344484.484484484,2871274240828.079,84053981647.21545,-198.57792603586222,6807.094026869811
12376056.056056056,2871267963396.0615,84268892068.0734,-199.08565138787776,6807.079144647674
12407627.627627628,2871261669934.3755,84483802018.46698,-199.5933756166703,6807.064224423432
12439199.1991992,2871255360443.0557,84698711497.1965,-200.10109871937595,6807.049266197173
12470770.77077077,2871249034922.1377,84913620503.06226,-200.6088206931306,6807.034269968982
12502342.342342341,2871242693371.6577,85128529034.86453,-201.11654153507038,6807.019235738945
12533913.913913913,2871236335791.651,85343437091.4036,-201.62426124233127,6807.00416350715
12565485.485485485,2871229962182.154,85558344671.4798,-202.13197981204917,6806.989053273683
12597057.057057057,2871223572543.202,85773251773.89343,-202.63969724136018,6806.973905038631
12628628.628628628,2871217166874.8315,85988158397.44476,-203.14741352740043,6806.9587188020805
12660200.2002002,2871210745177.0786,86203064540.93411,-203.65512866730597,6806.943494564121
12691771.771771772,2871204307449.9795,86417970203.16183,-204.16284265821287,6806.928232324837
12723343.343343344,2871197853693.5703,86632875382.92816,-204.6705554972571,6806.912932084319
12754914.914914915,2871191383907.887,86847780079.03348,-205.178267181575,6806.897593842655
12786486.486486485,2871184898092.968,87062684290.27808,-205.68597770830246,6806.882217599932
12818058.058058057,2871178396248.847,87277588015.46228,-206.1936870745758,6806.866803356239
12849629.629629629,2871171878375.5635,87492491253.38644,-206.70139527753122,6806.851351111665
12881201.2012012,2871165344473.1523,87707394002.85086,-207.20910231430474,6806.835860866299
12912772.772772772,2871158794541.651,87922296262.65591,-207.7168081820326,6806.820332620229
12944344.344344344,2871152228581.0967,88137198031.6019,-208.22451287785105,6806.804766373547
12975915.915915916,2871145646591.526,88352099308.48914,-208.73221639889613,6806.78916212634
13007487.487487487,2871139048572.9766,88567000092.11804,-209.23991874230433,6806.773519878699
13039059.05905906,2871132434525.485,88781900381.28888,-209.74761990521165,6806.7578396307135
13070630.630630631,2871125804449.089,88996800174.80206,-210.25531988475444,6806.742121382475
13102202.2022022,2871119158343.826,89211699471.45792,-210.76301867806893,6806.726365134073
13133773.773773773,2871112496209.7334,89426598270.0568,-211.27071628229157,6806.710570885598
13165345.345345344,2871105818046.8486,89641496569.39908,-211.77841269455848,6806.694738637141
13196916.916916916,2871099123855.2095,89856394368.28513,-212.28610791200606,6806.6788683887935
13228488.488488488,2871092413634.854,90071291665.51526,-212.7938019317706,6806.662960140648
13260060.06006006,2871085687385.8193,90286188459.8899,-213.30149475098847,6806.647013892793
13291631.631631631,2871078945108.144,90501084750.20941,-213.80918636679598,6806.631029645324
13323203.203203203,2871072186801.866,90715980535.27417,-214.31687677632954,6806.61500739833
13354774.774774775,2871065412467.0234,90930875813.88452,-214.82456597672547,6806.598947151905
13386346.346346347,2871058622103.6543,91145770584.84088,-215.33225396512017,6806.5828489061405
13417917.917917917,2871051815711.7974,91360664846.94363,-215.83994073865017,6806.56671266113
13449489.489489488,2871044993291.49,91575558598.99316,-216.34762629445186,6806.5505384169655
13481061.06106106,2871038154842.7725,91790451839.78986,-216.85531062966157,6806.534326173741
13512632.632632632,2871031300365.681,92005344568.13416,-217.3629937414159,6806.518075931549
13544204.204204204,2871024429860.2563,92220236782.82635,-217.87067562685115,6806.501787690484
13575775.775775775,2871017543326.5366,92435128482.66696,-218.37835628310398,6806.4854614506385
13607347.347347347,2871010640764.56,92650019666.45633,-218.88603570731078,6806.469097212108
13638918.918918919,2871003722174.3657,92864910332.99487,-219.39371389660812,6806.452694974985
13670490.49049049,2870996787555.9937,93079800481.08301,-219.90139084813245,6806.436254739366
13702062.062062062,2870989836909.482,93294690109.52118,-220.40906655902035,6806.419776505343
13733633.633633634,2870982870234.87,93509579217.10971,-220.91674102640837,6806.403260273013
13765205.205205204,2870975887532.1973,93724467802.64911,-221.42441424743305,6806.386706042471
13796776.776776776,2870968888801.5034,93939355864.93982,-221.9320862192311,6806.370113813811
13828348.348348347,2870961874042.827,94154243402.7822,-222.439756938939,6806.35348358713
13859919.91991992,2870954843256.209,94369130414.97668,-222.94742640369338,6806.3368153625215
13891491.491491491,2870947796441.688,94584016900.32376,-223.45509461063085,6806.320109140084
13923063.063063063,2870940733599.3037,94798902857.62387,-223.9627615568881,6806.303364919912
13954634.634634634,2870933654729.0967,95013788285.6774,-224.47042723960175,6806.286582702103
13986206.206206206,2870926559831.1064,95228673183.28482,-224.9780916559085,6806.269762486752
14017777.777777778,2870919448905.373,95443557549.24655,-225.48575480294494,6806.252904273958
14049349.34934935,2870912321951.9365,95658441382.3631,-225.99341667784785,6806.236008063816
14080920.92092092,2870905178970.837,95873324681.43488,-226.50107727775395,6806.219073856425
14112492.492492491,2870898019962.115,96088207445.26236,-227.00873659979993,6806.202101651881
14144064.064064063,2870890844925.811,96303089672.64597,-227.51639464112253,6806.185091450283
14175635.635635635,2870883653861.9653,96517971362.38623,-228.0240513988585,6806.168043251728
14207207.207207207,2870876446770.618,96732852513.2836,-228.53170687014466,6806.150957056314
14238778.778778778,2870869223651.8105,96947733124.13852,-229.03936105211767,6806.13383286414
14270350.35035035,2870861984505.5835,97162613193.75146,-229.54701394191443,6806.116670675304
14301921.921921922,2870854729331.9775,97377492720.92294,-230.05466553667173,6806.099470489905
14333493.493493494,2870847458131.0337,97592371704.45337,-230.56231583352644,6806.082232308042
14365065.065065065,2870840170902.7925,97807250143.14331,-231.0699648296154,6806.064956129815
14396636.636636635,2870832867647.296,98022128035.79318,-231.57761252207519,6806.047641955322
14428208.208208207,2870825548364.5845,98237005381.20352,-232.08525890804304,6806.030289784664
14459779.779779779,2870818213054.6997,98451882178.1748,-232.59290398465572,6806.01289961794
14491351.35135135,2870810861717.6826,98666758425.50754,-233.10054774905,6805.9954714552505
14522922.922922922,2870803494353.575,98881634122.00223,-233.60819019836293,6805.978005296695
14554494.494494494,2870796110962.419,99096509266.45932,-234.11583132973135,6805.9605011423755
14586066.066066066,2870788711544.2554,99311383857.67941,-234.62347114029228,6805.942958992392
14617637.637637638,2870781296099.1265,99526257894.46292,-235.13110962718258,6805.925378846845
14649209.20920921,2870773864627.073,99741131375.61041,-235.63874678753933,6805.907760705836
14680780.780780781,2870766417128.1387,99956004299.92242,-236.14638261849944,6805.890104569467
14712352.352352351,2870758953602.3643,100170876666.1994,-236.65401711719988,6805.87241043784
14743923.923923923,2870751474049.792,100385748473.24191,-237.16165028077768,6805.854678311054
14775495.495495494,2870743978470.4644,100600619719.8505,-237.6692821063699,6805.836908189214
14807067.067067066,2870736466864.4233,100815490404.82565,-238.17691259111348,6805.819100072422
14838638.638638638,2870728939231.7114,101030360526.96796,-238.6845417321456,6805.801253960779
14870210.21021021,2870721395572.371,101245230085.07791,-239.19216952660327,6805.783369854389
14901781.781781781,2870713835886.4453,101460099077.95602,-239.6997959716236,6805.765447753354
14933353.353353353,2870706260173.976,101674967504.4029,-240.20742106434358,6805.747487657778
14964924.924924925,2870698668435.0063,101889835363.21902,-240.71504480190038,6805.729489567764
14996496.496496497,2870691060669.579,102104702653.20502,-241.22266718143123,6805.711453483415
15028068.068068068,2870683436877.737,102319569373.16138,-241.73028820007312,6805.693379404837
15059639.639639638,2870675797059.523,102534435521.88864,-242.23790785496317,6805.675267332132
15091211.21121121,2870668141214.9805,102749301098.18744,-242.7455261432387,6805.657117265403
15122782.782782782,2870660469344.153,102964166100.85825,-243.25314306203683,6805.638929204758
15154354.354354354,2870652781447.0825,103179030528.70169,-243.7607586084947,6805.620703150299
15185925.925925925,2870645077523.814,103393894380.51834,-244.2683727797496,6805.602439102132
15217497.497497497,2870637357574.3896,103608757655.10873,-244.77598557293868,6805.584137060361
15249069.069069069,2870629621598.854,103823620351.27347,-245.28359698519927,6805.565797025093
15280640.64064064,2870621869597.2495,104038482467.81311,-245.7912070136685,6805.5474189964325
15312212.212212212,2870614101569.621,104253344003.52826,-246.29881565548368,6805.529002974486
15343783.783783784,2870606317516.012,104468204957.21948,-246.80642290778218,6805.510548959358
15375355.355355354,2870598517436.4663,104683065327.68732,-247.31402876770113,6805.492056951156
15406926.926926926,2870590701331.028,104897925113.73242,-247.82163323237796,6805.473526949987
15438498.498498498,2870582869199.74,105112784314.15543,-248.32923629894992,6805.454958955956
15470070.07007007,2870575021042.649,105327642927.75684,-248.83683796455438,6805.436352969171
15501641.641641641,2870567156859.7974,105542500953.33734,-249.34443822632875,6805.417708989738
15533213.213213213,2870559276651.2295,105757358389.69745,-249.8520370814104,6805.399027017766
15564784.784784785,2870551380416.9907,105972215235.63782,-250.35963452693653,6805.38030705336
15596356.356356356,2870543468157.125,106187071489.95908,-250.86723056004473,6805.36154909663
15627927.927927928,2870535539871.6772,106401927151.46179,-251.37482517787225,6805.342753147685
15659499.4994995,2870527595560.692,106616782218.94662,-251.88241837755663,6805.323919206629
15691071.07107107,2870519635224.214,106831636691.21414,-252.39001015623518,6805.305047273574
15722642.642642641,2870511658862.288,107046490567.06503,-252.89760051104554,6805.286137348628
15754214.214214213,2870503666474.96,107261343845.29993,-253.40518943912502,6805.267189431897
15785785.785785785,2870495658062.274,107476196524.71933,-253.91277693761123,6805.248203523494
15817357.357357357,2870487633624.2754,107691048604.12402,-254.4203630036414,6805.229179623527
15848928.928928928,2870479593161.0093,107905900082.31458,-254.92794763435336,6805.210117732104
15880500.5005005,2870471536672.522,108120750958.09164,-255.43553082688447,6805.191017849335
15912072.072072072,2870463464158.858,108335601230.25586,-255.94311257837228,6805.171879975333
15943643.643643644,2870455375620.063,108550450897.60785,-256.4506928859543,6805.152704110204
15975215.215215215,2870447271056.1826,108765299958.9483,-256.95827174676816,6805.13349025406
16006786.786786785,2870439150467.263,108980148413.07788,-257.46584915795137,6805.114238407013
16038358.358358357,2870431013853.3496,109194996258.79718,-257.9734251166416,6805.094948569171
16069929.929929929,2870422861214.4883,109409843494.90689,-258.4809996199764,6805.0756207406475
16101501.5015015,2870414692550.725,109624690120.20773,-258.98857266509344,6805.056254921553
16133073.073073072,2870406507862.1064,109839536133.50024,-259.49614424913034,6805.036851111998
16164644.644644644,2870398307148.6777,110054381533.58517,-260.0037143692247,6805.017409312095
16196216.216216216,2870390090410.486,110269226319.26321,-260.51128302251425,6804.9979295219555
16227787.787787788,2870381857647.577,110484070489.33499,-261.01885020613656,6804.978411741692
16259359.35935936,2870373608859.998,110698914042.60126,-261.5264159172295,6804.9588559714175
16290930.930930931,2870365344047.7944,110913756977.86261,-262.0339801529306,6804.939262211243
16322502.502502503,2870357063211.0137,111128599293.91977,-262.54154291037764,6804.919630461282
16354074.074074073,2870348766349.702,111343440989.5734,-263.0491041867084,6804.899960721647
16385645.645645645,2870340453463.9067,111558282063.6242,-263.5566639790606,6804.880252992452
16417217.217217216,2870332124553.675,111773122514.87292,-264.06422228457205,6804.860507273811
16448788.788788788,2870323779619.0522,111987962342.12024,-264.5717791003804,6804.840723565836
16480360.36036036,2870315418660.087,112202801544.16681,-265.07933442362355,6804.820901868641
16511931.931931932,2870307041676.826,112417640119.81335,-265.58688825143923,6804.801042182342
16543503.503503503,2870298648669.3164,112632478067.86057,-266.09444058096534,6804.78114450705
16575075.075075075,2870290239637.606,112847315387.10919,-266.60199140933963,6804.761208842883
16606646.646646647,2870281814581.741,113062152076.35999,-267.1095407337001,6804.741235189954
16638218.218218219,2870273373501.7705,113276988134.41357,-267.61708855118434,6804.721223548377
16669789.789789788,2870264916397.741,113491823560.07074,-268.1246348589305,6804.701173918269
16701361.36136136,2870256443269.701,113706658352.13217,-268.63217965407637,6804.6810862997445
16732932.932932932,2870247954117.6978,113921492509.39862,-269.1397229337598,6804.660960692919
16764504.504504504,2870239448941.7793,114136326030.67078,-269.6472646951188,6804.640797097908
16796076.076076075,2870230927741.9937,114351158914.74945,-270.1548049352912,6804.620595514829
16827647.647647645,2870222390518.3887,114565991160.4353,-270.662343651415,6804.600355943797
16859219.21921922,2870213837271.0127,114780822766.52914,-271.1698808406282,6804.580078384928
16890790.79079079,2870205267999.914,114995653731.83163,-271.6774165000688,6804.55976283834
16922362.362362362,2870196682705.141,115210484055.14362,-272.18495062687464,6804.5394093041505
16953933.933933932,2870188081386.7417,115425313735.26575,-272.69248321818384,6804.519017782474
16985505.505505506,2870179464044.765,115640142770.99884,-273.2000142711345,6804.49858827343
17017077.077077076,2870170830679.26,115854971161.14362,-273.70754378286443,6804.478120777135
17048648.64864865,2870162181290.2744,116069798904.50085,-274.21507175051187,6804.457615293707
17080220.22022022,2870153515877.857,116284625999.87134,-274.72259817121477,6804.437071823265
17111791.791791793,2870144834442.0576,116499452446.05585,-275.2301230421113,6804.416490365926
17143363.363363363,2870136136982.925,116714278241.85504,-275.73764636033934,6804.395870921809
17174934.934934933,2870127423500.5073,116929103386.0698,-276.2451681230373,6804.375213491032
17206506.506506506,2870118693994.8545,117143927877.50089,-276.7526883273431,6804.354518073714
17238078.078078076,2870109948466.0156,117358751714.94904,-277.26020697039485,6804.333784669975
17269649.64964965,2870101186914.0396,117573574897.21512,-277.76772404933087,6804.313013279933
17301221.22122122,2870092409338.9766,117788397423.09982,-278.27523956128914,6804.292203903709
17332792.792792793,2870083615740.876,118003219291.40393,-278.782753503408,6804.271356541422
17364364.364364363,2870074806119.787,118218040500.92831,-279.29026587282544,6804.250471193192
17395935.935935937,2870065980475.76,118432861050.47375,-279.79777666667985,6804.229547859139
17427507.507507507,2870057138808.8433,118647680938.84103,-280.30528588210933,6804.208586539384
17459079.079079077,2870048281119.0884,118862500164.83093,-280.81279351625216,6804.187587234046
17490650.65065065,2870039407406.5444,119077318727.24426,-281.32029956624655,6804.166549943247
17522222.22222222,2870030517671.2617,119292136624.88187,-281.82780402923083,6804.14547466711
17553793.793793794,2870021611913.29,119506953856.54453,-282.33530690234323,6804.124361405752
17585365.365365364,2870012690132.68,119721770421.03308,-282.842808182722,6804.103210159298
17616936.936936937,2870003752329.4824,119936586317.14835,-283.3503078675056,6804.082020927868
17648508.508508507,2869994798503.7466,120151401543.6911,-283.85780595383204,6804.060793711586
17680080.08008008,2869985828655.524,120366216099.46225,-284.36530243884005,6804.039528510571
17711651.65165165,2869976842784.8643,120581029983.26251,-284.87279731966765,6804.018225324947
17743223.223223224,2869967840891.819,120795843193.89279,-285.38029059345337,6803.996884154836
17774794.794794794,2869958822976.4385,121010655730.15393,-285.8877822573355,6803.975505000362
17806366.366366364,2869949789038.774,121225467590.84674,-286.39527230845243,6803.954087861648
17837937.937937938,2869940739078.8755,121440278774.77206,-286.9027607439427,6803.932632738816
17869509.509509508,2869931673096.7954,121655089280.73077,-287.4102475609445,6803.91113963199
17901081.08108108,2869922591092.584,121869899107.52371,-287.9177327565965,6803.889608541294
17932652.65265265,2869913493066.2925,122084708253.95166,-288.42521632803687,6803.868039466852
17964224.224224225,2869904379017.9727,122299516718.81558,-288.93269827240437,6803.846432408786
17995795.795795795,2869895248947.676,122514324500.91623,-289.44017858683725,6803.8247873672235
18027367.36736737,2869886102855.453,122729131599.05457,-289.94765726847413,6803.803104342288
18058938.938938938,2869876940741.3564,122943938012.03137,-290.45513431445335,6803.781383334102
18090510.51051051,2869867762605.437,123158743738.64758,-290.9626097219137,6803.759624342794
18122082.08208208,2869858568447.7476,123373548777.70401,-291.4700834879934,6803.737827368487
18153653.65365365,2869849358268.3394,123588353128.00153,-291.9775556098312,6803.715992411307
18185225.225225225,2869840132067.264,123803156788.34106,-292.48502608456556,6803.69411947138
18216796.796796795,2869830889844.574,124017959757.5234,-292.99249490933516,6803.672208548831
18248368.36836837,2869821631600.322,124232762034.34961,-293.4999620812785,6803.650259643786
18279939.93993994,2869812357334.5586,124447563617.62039,-294.00742759753416,6803.628272756372
18311511.511511512,2869803067047.338,124662364506.13672,-294.51489145524084,6803.606247886716
18343083.083083082,2869793760738.711,124877164698.69946,-295.02235365153706,6803.584185034944
18374654.654654656,2869784438408.7314,125091964194.10956,-295.52981418356165,6803.562084201182
18406226.226226225,2869775100057.451,125306762991.16782,-296.037273048453,6803.53994538556
18437797.797797795,2869765745684.923,125521561088.67526,-296.54473024335005,6803.517768588202
18469369.36936937,2869756375291.199,125736358485.43274,-297.05218576539136,6803.495553809237
18500940.94094094,2869746988876.334,125951155180.24112,-297.5596396117155,6803.473301048794
18532512.512512513,2869737586440.379,126165951171.90137,-298.0670917794615,6803.451010307
18564084.084084082,2869728167983.3877,126380746459.21439,-298.57454226576783,6803.428681583983
18595655.655655656,2869718733505.413,126595541040.98108,-299.0819910677734,6803.406314879871
18627227.227227226,2869709283006.509,126810334916.00241,-299.5894381826168,6803.383910194794
18658798.7987988,2869699816486.728,127025128083.07932,-300.0968836074369,6803.361467528881
18690370.37037037,2869690333946.124,127239920541.0126,-300.60432733937245,6803.33898688226
18721941.941941943,2869680835384.75,127454712288.60333,-301.11176937556235,6803.3164682550605
18753513.513513513,2869671320802.66,127669503324.6524,-301.61920971314527,6803.293911647414
18785085.085085083,2869661790199.907,127884293647.96075,-302.12664834926017,6803.271317059447
18816656.656656656,2869652243576.5464,128099083257.32932,-302.63408528104577,6803.248684491291
18848228.228228226,2869642680932.63,128313872151.55902,-303.141520505641,6803.226013943077
18879799.7997998,2869633102268.213,128528660329.45093,-303.6489540201848,6803.203305414935
18911371.37137137,2869623507583.349,128743447789.80579,-304.1563858218159,6803.180558906995
18942942.942942943,2869613896878.0923,128958234531.42474,-304.66381590767327,6803.157774419389
18974514.514514513,2869604270152.497,129173020553.10864,-305.1712442748958,6803.134951952248
19006086.086086087,2869594627406.6177,129387805853.65848,-305.6786709206226,6803.112091505702
19037657.657657657,2869584968640.5083,129602590431.87518,-306.1860958419923,6803.089193079883
19069229.22922923,2869575293854.2236,129817374286.55984,-306.69351903614415,6803.066256674924
19100800.8008008,2869565603047.818,130032157416.5133,-307.20094050021686,6803.043282290955
19132372.37237237,2869555896221.346,130246939820.53656,-307.7083602313496,6803.020269928111
19163943.943943944,2869546173374.8633,130461721497.43066,-308.2157782266813,6802.997219586521
19195515.515515514,2869536434508.424,130676502445.99649,-308.72319448335105,6802.97413126632
19227087.087087087,2869526679622.0825,130891282665.03513,-309.23060899849776,6802.95100496764
19258658.658658657,2869516908715.895,131106062153.3475,-309.7380217692605,6802.927840690614
19290230.23023023,2869507121789.9155,131320840909.73465,-310.24543279277856,6802.904638435375
19321801.8018018,2869497318844.2,131535618932.9975,-310.75284206619057,6802.881398202058
19353373.373373374,2869487499878.804,131750396221.93707,-311.260249586636,6802.858119990795
19384944.944944944,2869477664893.782,131965172775.3544,-311.7676553512537,6802.834803801721
19416516.516516514,2869467813889.19,132179948592.05045,-312.2750593571829,6802.81144963497
19448088.088088088,2869457946865.0835,132394723670.82626,-312.7824616015627,6802.788057490675
19479659.659659658,2869448063821.5186,132609498010.48285,-313.28986208153236,6802.7646273689725
19511231.23123123,2869438164758.55,132824271609.8212,-313.79726079423085,6802.741159269996
19542802.8028028,2869428249676.2344,133039044467.6423,-314.3046577367974,6802.717653193882
19574374.374374375,2869418318574.6274,133253816582.74722,-314.81205290637126,6802.694109140764
19605945.945945945,2869408371453.785,133468587953.93701,-315.31944630009156,6802.6705271107785
19637517.51751752,2869398408313.7637,133683358580.01263,-315.82683791509754,6802.646907104061
19669089.08908909,2869388429154.619,133898128459.77515,-316.3342277485284,6802.6232491207475
19700660.66066066,2869378433976.4077,134112897592.0256,-316.8416157975235,6802.599553160974
19732232.23223223,2869368422779.1865,134327665975.565,-317.34900205922185,6802.575819224876
19763803.8038038,2869358395563.011,134542433609.19437,-317.8563865307629,6802.552047312592
19795375.375375375,2869348352327.9385,134757200491.71481,-318.36376920928603,6802.528237424257
19826946.946946945,2869338293074.0254,134971966621.92734,-318.87115009193025,6802.504389560008
19858518.51851852,2869328217801.328,135186731998.63303,-319.37852917583524,6802.480503719984
19890090.09009009,2869318126509.9043,135401496620.63287,-319.88590645813997,6802.45657990432
19921661.661661662,2869308019199.81,135616260486.72797,-320.39328193598396,6802.4326181131555
19953233.233233232,2869297895871.1025,135831023595.71939,-320.9006556065065,6802.408618346628
19984804.804804806,2869287756523.8394,136045785946.40817,-321.40802746684705,6802.384580604875
20016376.376376376,2869277601158.077,136260547537.5954,-321.9153975141449,6802.360504888035
20047947.947947945,2869267429773.8735,136475308368.08212,-322.4227657455395,6802.336391196247
20079519.51951952,2869257242371.2856,136690068436.66943,-322.93013215817024,6802.312239529649
20111091.09109109,2869247038950.3716,136904827742.15836,-323.43749674917655,6802.288049888381
20142662.662662663,2869236819511.188,137119586283.35004,-323.94485951569794,6802.26382227258
20174234.234234232,2869226584053.793,137334344059.04553,-324.4522204548738,6802.239556682388
20205805.805805806,2869216332578.244,137549101068.04596,-324.95957956384353,6802.215253117944
20237377.377377376,2869206065084.5996,137763857309.1523,-325.4669368397466,6802.190911579386
20268948.94894895,2869195781572.917,137978612781.16583,-325.9742922797228,6802.166532066856
20300520.52052052,2869185482043.2544,138193367482.88745,-326.4816458809113,6802.142114580494
20332092.092092093,2869175166495.67,138408121413.11835,-326.98899764045177,6802.11765912044
20363663.663663663,2869164834930.222,138622874570.65964,-327.49634755548374,6802.093165686835
20395235.235235233,2869154487346.9688,138837626954.3124,-328.00369562314677,6802.068634279819
20426806.806806806,2869144123745.9683,139052378562.87778,-328.51104184058045,6802.0440648995345
20458378.378378376,2869133744127.2793,139267129395.15683,-329.01838620492424,6802.019457546122
20489949.94994995,2869123348490.96,139481879449.9507,-329.5257287133179,6801.994812219724
20521521.52152152,2869112936837.07,139696628726.06052,-330.03306936290096,6801.97012892048
20553093.093093093,2869102509165.667,139911377222.28735,-330.54040815081305,6801.945407648535
20584664.664664663,2869092065476.81,140126124937.4324,-331.04774507419376,6801.92064840403
20616236.236236237,2869081605770.558,140340871870.29675,-331.55508013018294,6801.895851187106
20647807.807807807,2869071130046.9707,140555618019.68152,-332.06241331591997,6801.871015997908
20679379.37937938,2869060638306.1064,140770363384.3879,-332.56974462854475,6801.846142836577
20710950.95095095,2869050130548.0244,140985107963.21692,-333.0770740651969,6801.8212317032585
20742522.52252252,2869039606772.784,141199851754.96985,-333.58440162301605,6801.796282598093
20774094.094094094,2869029066980.445,141414594758.44778,-334.0917272991421,6801.7712955212255
20805665.665665664,2869018511171.0664,141629336972.4518,-334.5990510907147,6801.7462704728
20837237.237237237,2869007939344.7075,141844078395.78314,-335.10637299487354,6801.721207452959
20868808.808808807,2868997351501.4287,142058819027.24295,-335.6136930087585,6801.696106461849
20900380.38038038,2868986747641.289,142273558865.63232,-336.1210111295093,6801.670967499612
20931951.95195195,2868976127764.3486,142488297909.75247,-336.6283273542657,6801.645790566395
20963523.523523524,2868965491870.667,142703036158.40457,-337.1356416801676,6801.62057566234
20995095.095095094,2868954839960.305,142917773610.3897,-337.6429541043547,6801.595322787595
21026666.666666664,2868944172033.3223,143132510264.50912,-338.15026462396696,6801.570031942304
21058238.238238238,2868933488089.779,143347246119.56403,-338.6575732361444,6801.544703126612
21089809.809809808,2868922788129.735,143561981174.3555,-339.16487993802633,6801.519336340665
21121381.38138138,2868912072153.251,143776715427.68475,-339.67218472675324,6801.4939315846095
21152952.95295295,2868901340160.3877,143991448878.35303,-340.1794875994646,6801.468488858592
21184524.524524525,2868890592151.2056,144206181525.16144,-340.6867885533006,6801.443008162757
21216096.096096095,2868879828125.7646,144420913366.9112,-341.19408758540095,6801.417489497253
21247667.66766767,2868869048084.1265,144635644402.40353,-341.7013846929058,6801.391932862225
21279239.23923924,2868858252026.3516,144850374630.43958,-342.20867987295486,6801.3663382578225
21310810.81081081,2868847439952.5005,145065104049.82056,-342.7159731226883,6801.340705684191
21342382.38238238,2868836611862.6343,145279832659.3477,-343.223264439246,6801.315035141478
21373953.95395395,2868825767756.8145,145494560457.82214,-343.730553819768,6801.2893266298315
21405525.525525525,2868814907635.102,145709287444.0452,-344.23784126139424,6801.2635801494
21437097.097097095,2868804031497.5586,145924013616.81802,-344.7451267612648,6801.23779570033
21468668.66866867,2868793139344.2446,146138738974.94183,-345.2524103165198,6801.211973282771
21500240.24024024,2868782231175.222,146353463517.21777,-345.75969192429903,6801.186112896873
21531811.811811812,2868771306990.5527,146568187242.44724,-346.2669715817429,6801.160214542782
21563383.383383382,2868760366790.2974,146782910149.4313,-346.7742492859913,6801.134278220648
21594954.954954956,2868749410574.519,146997632236.97128,-347.28152503418426,6801.108303930621
21626526.526526526,2868738438343.2783,147212353503.86832,-347.78879882346195,6801.08229167285
21658098.0980981,2868727450096.6377,147427073948.92377,-348.2960706509646,6801.056241447484
21689669.66966967,2868716445834.659,147641793570.93878,-348.8033405138322,6801.030153254675
21721241.24124124,2868705425557.4043,147856512368.71457,-349.310608409205,6801.004027094569
21752812.812812813,2868694389264.936,148071230341.0525,-349.81787433422306,6800.977862967321
21784384.384384383,2868683336957.3164,148285947486.75372,-350.3251382860267,6800.951660873078
21815955.955955956,2868672268634.607,148500663804.6195,-350.83240026175605,6800.925420811993
21847527.527527526,2868661184296.8716,148715379293.45114,-351.3396602585512,6800.899142784215
21879099.0990991,2868650083944.1714,148930093952.04987,-351.84691827355266,6800.872826789897
21910670.67067067,2868638967576.57,149144807779.2169,-352.35417430390027,6800.846472829189
21942242.242242243,2868627835194.1294,149359520773.75357,-352.8614283467347,6800.820080902244
21973813.813813813,2868616686796.9126,149574232934.46112,-353.36868039919585,6800.793651009212
22005385.385385383,2868605522384.983,149788944260.14078,-353.87593045842414,6800.767183150247
22036956.956956957,2868594341958.403,150003654749.59393,-354.38317852156007,6800.7406773255
22068528.528528526,2868583145517.236,150218364401.62177,-354.8904245857437,6800.714133535123
22100100.1001001,2868571933061.545,150433073215.0255,-355.39766864811537,6800.687551779271
22131671.67167167,2868560704591.393,150647781188.60657,-355.9049107058154,6800.660932058095
22163243.243243244,2868549460106.8438,150862488321.16623,-356.41215075598444,6800.634274371749
22194814.814814813,2868538199607.961,151077194611.50565,-356.9193887957623,6800.607578720385
22226386.386386387,2868526923094.8076,151291900058.42627,-357.42662482228985,6800.5808451041585
22257957.957957957,2868515630567.4473,151506604660.72928,-357.9338588327073,6800.5540735232225
22289529.52952953,2868504322025.944,151721308417.21606,-358.441090824155,6800.52726397773
22321101.1011011,2868492997470.361,151936011326.6878,-358.94832079377346,6800.500416467837
22352672.67267267,2868481656900.7627,152150713387.94595,-359.4555487387031,6800.473530993697
22384244.244244244,2868470300317.2134,152365414599.79178,-359.9627746560844,6800.446607555465
22415815.815815814,2868458927719.7764,152580114961.02652,-360.4699985430578,6800.419646153295
22447387.387387387,2868447539108.516,152794814470.4516,-360.9772203967638,6800.3926467873425
22478958.958958957,2868436134483.497,153009513126.86823,-361.4844402143428,6800.365609457764
22510530.53053053,2868424713844.783,153224210929.0778,-361.99165799293525,6800.338534164714
22542102.1021021,2868413277192.4395,153438907875.8816,-362.49887372968186,6800.311420908348
22573673.673673674,2868401824526.53,153653603966.08105,-363.0060874217232,6800.284269688822
22605245.245245244,2868390355847.119,153868299198.47736,-363.5132990661995,6800.257080506293
22636816.816816814,2868378871154.272,154082993571.87195,-364.0205086602516,6800.229853360917
22668388.388388388,2868367370448.053,154297687085.0661,-364.5277162010201,6800.2025882528515
22699959.959959958,2868355853728.528,154512379736.8612,-365.0349216856455,6800.175285182252
22731531.53153153,2868344320995.7607,154727071526.05856,-365.5421251112683,6800.147944149276
22763103.1031031,2868332772249.817,154941762451.45956,-366.0493264750293,6800.12056515408
22794674.674674675,2868321207490.7617,155156452511.86557,-366.5565257740691,6800.093148196824
22826246.246246245,2868309626718.66,155371141706.07788,-367.0637230055281,6800.065693277663
22857817.81781782,2868298029933.5776,155585830032.89792,-367.57091816654753,6800.038200396756
22889389.38938939,2868286417135.5796,155800517491.12695,-368.07811125426747,6800.010669554262
22920960.960960962,2868274788324.7314,156015204079.56647,-368.5853022658289,6799.983100750338
22952532.53253253,2868263143501.0986,156229889797.01773,-369.0924911983725,6799.955493985143
22984104.1041041,2868251482664.7476,156444574642.28214,-369.5996780490389,6799.927849258836
23015675.675675675,2868239805815.743,156659258614.16113,-370.10686281496896,6799.900166571578
23047247.247247245,2868228112954.152,156873941711.45602,-370.6140454933033,6799.8724459235245
23078818.81881882,2868216404080.0396,157088623932.96826,-371.12122608117863,6799.844687314837
23110390.39039039,2868204679193.4717,157303305277.50015,-371.6284045756019,6799.816890745687
23141961.961961962,2868192938294.5146,157517985743.85364,-372.13558097364773,6799.789056216238
23173533.533533532,2868181181383.235,157732665330.83014,-372.6427552724546,6799.761183726652
23205105.105105106,2868169408459.698,157947344037.23114,-373.1499274691614,6799.733273277088
23236676.676676676,2868157619523.9717,158162021861.85812,-373.65709756090655,6799.705324867708
23268248.24824825,2868145814576.121,158376698803.5126,-374.1642655448289,6799.677338498674
23299819.81981982,2868133993616.2134,158591374860.996,-374.67143141806696,6799.649314170144
23331391.39139139,2868122156644.3154,158806050033.10986,-375.1785951777596,6799.621251882281
23362962.962962963,2868110303660.4937,159020724318.65567,-375.6857568210455,6799.593151635247
23394534.534534533,2868098434664.8154,159235397716.4349,-376.19291634506334,6799.565013429204
23426106.106106106,2868086549657.3467,159450070225.2491,-376.70007374695206,6799.536837264312
23457677.677677676,2868074648638.156,159664741843.89978,-377.20722902385023,6799.508623140737
23489249.24924925,2868062731607.309,159879412571.1885,-377.7143821728968,6799.4803710586375
23520820.82082082,2868050798564.8735,160094082405.91672,-378.2215331912305,6799.452081018179
23552392.392392393,2868038849510.9175,160308751346.88602,-378.7286820759902,6799.423753019523
23583963.963963963,2868026884445.5073,160523419392.89792,-379.23582882431475,6799.395387062834
23615535.535535533,2868014903368.711,160738086542.75397,-379.742973433343,6799.366983148274
23647107.107107107,2868002906280.596,160952752795.25577,-380.250115900214,6799.338541276006
23678678.678678676,2867990893181.2305,161167418149.20483,-380.7572562220664,6799.310061446196
23710250.25025025,2867978864070.6816,161382082603.40274,-381.26439439603934,6799.281543659006
23741821.82182182,2867966818949.0176,161596746156.65106,-381.7715304192716,6799.252987914602
23773393.393393394,2867954757816.306,161811408807.7514,-382.2786642889023,6799.224394213147
23804964.964964963,2867942680672.615,162026070555.5053,-382.78579600207024,6799.195762554807
23836536.536536537,2867930587518.013,162240731398.71442,-383.2929255559146,6799.167092939746
23868108.108108107,2867918478352.5684,162455391336.18027,-383.8000529475743,6799.138385368128
23899679.67967968,2867906353176.3486,162670050366.70453,-384.3071781741883,6799.1096398401205
23931251.25125125,2867894211989.423,162884708489.08875,-384.8143012328958,6799.080856355888
23962822.82282282,2867882054791.8594,163099365702.13458,-385.32142212083573,6799.052034915596
23994394.394394394,2867869881583.727,163314022004.64368,-385.82854083514735,6799.023175519411
24025965.965965964,2867857692365.0938,163528677395.4176,-386.33565737296954,6798.994278167499
24057537.537537538,2867845487136.029,163743331873.25803,-386.84277173144164,6798.965342860027
24089109.109109107,2867833265896.601,163957985436.96658,-387.34988390770263,6798.936369597161
24120680.68068068,2867821028646.88,164172638085.34494,-387.8569938988918,6798.907358379067
24152252.25225225,2867808775386.933,164387289817.1947,-388.36410170214816,6798.878309205914
24183823.823823825,2867796506116.831,164601940631.3176,-388.87120731461107,6798.849222077867
24215395.395395394,2867784220836.642,164816590526.51523,-389.37831073341965,6798.820096995096
24246966.966966964,2867771919546.4365,165031239501.5893,-389.8854119557131,6798.790933957767
24278538.538538538,2867759602246.2827,165245887555.3415,-390.39251097863075,6798.761732966049
24310110.110110108,2867747268936.2505,165460534686.5735,-390.8996077993118,6798.732494020109
24341681.68168168,2867734919616.4097,165675180894.08698,-391.4067024148956,6798.703217120116
24373253.25325325,2867722554286.8296,165889826176.68362,-391.9137948225214,6798.673902266239
24404824.824824825,2867710172947.58,166104470533.1652,-392.4208850193286,6798.644549458646
24436396.396396395,2867697775598.731,166319113962.3333,-392.9279730024563,6798.615158697507
24467967.96796797,2867685362240.3525,166533756462.9898,-393.4350587690442,6798.58572998299
24499539.53953954,2867672932872.5146,166748398033.93628,-393.94214231623135,6798.556263315266
24531111.111111112,2867660487495.287,166963038673.97458,-394.44922364115735,6798.526758694504
24562682.68268268,2867648026108.7407,167177678381.9063,-394.9563027409615,6798.4972161208725
24594254.25425425,2867635548712.9453,167392317156.5333,-395.4633796127832,6798.467635594544
24625825.825825825,2867623055307.971,167606954996.6573,-395.9704542537621,6798.438017115687
24657397.397397395,2867610545893.889,167821591901.08,-396.4775266610374,6798.408360684473
24688968.96896897,2867598020470.7695,168036227868.6032,-396.98459683174883,6798.378666301073
24720540.54054054,2867585479038.683,168250862898.02866,-397.4916647630356,6798.348933965657
24752112.112112112,2867572921597.7007,168465496988.15817,-397.9987304520375,6798.319163678398
24783683.683683682,2867560348147.893,168680130137.79346,-398.5057938958939,6798.289355439464
24815255.255255256,2867547758689.331,168894762345.7364,-399.01285509174437,6798.259509249031
24846826.826826826,2867535153222.0854,169109393610.78864,-399.51991403672844,6798.229625107268
24878398.3983984,2867522531746.228,169324023931.7521,-400.0269707279858,6798.1997030143475
24909969.96996997,2867509894261.8296,169538653307.42853,-400.534025162656,6798.169742970443
24941541.54154154,2867497240768.9614,169753281736.61972,-401.0410773378787,6798.139744975725
24973113.113113113,2867484571267.6953,169967909218.12753,-401.54812725079347,6798.109709030367
25004684.684684683,2867471885758.102,170182535750.75375,-402.05517489854,6798.079635134544
25036256.256256256,2867459184240.2534,170397161333.30023,-402.562220278258,6798.049523288427
25067827.827827826,2867446466714.221,170611785964.5688,-403.06926338708706,6798.0193734921895
25099399.3993994,2867433733180.0776,170826409643.36127,-403.57630422216704,6797.989185746006
25130970.97097097,2867420983637.8936,171041032368.4795,-404.08334278063757,6797.95896005005
25162542.542542543,2867408218087.741,171255654138.72534,-404.5903790596384,6797.928696404495
25194114.114114113,2867395436529.693,171470274952.90063,-405.09741305630934,6797.8983948095165
25225685.685685683,2867382638963.821,171684894809.80728,-405.6044447677901,6797.868055265288
25257257.257257257,2867369825390.197,171899513708.24716,-406.1114741912205,6797.837677771983
25288828.828828827,2867356995808.893,172114131647.02206,-406.6185013237404,6797.807262329779
25320400.4004004,2867344150219.9824,172328748624.934,-407.1255261624897,6797.77680893885
25351971.97197197,2867331288623.537,172543364640.7847,-407.63254870460804,6797.746317599371
25383543.543543544,2867318411019.63,172757979693.37622,-408.13956894723555,6797.715788311518
25415115.115115114,2867305517408.3325,172972593781.5103,-408.6465868875119,6797.685221075467
25446686.686686687,2867292607789.7188,173187206903.989,-409.1536025225771,6797.654615891393
25478258.258258257,2867279682163.8613,173401819059.61414,-409.66061584957106,6797.623972759474
25509829.82982983,2867266740530.8325,173616430247.18768,-410.1676268656338,6797.593291679885
25541401.4014014,2867253782890.706,173831040465.5115,-410.67463556790506,6797.562572652803
25572972.97297297,2867240809243.554,174045649713.38757,-411.18164195352506,6797.531815678405
25604544.544544544,2867227819589.451,174260257989.61783,-411.68864601963367,6797.501020756868
25636116.116116114,2867214813928.469,174474865293.00418,-412.1956477633709,6797.470187888369
25667687.687687688,2867201792260.6826,174689471622.34863,-412.7026471818769,6797.439317073086
25699259.259259257,2867188754586.164,174904076976.45306,-413.20964427229154,6797.4084083111975
25730830.83083083,2867175700904.9873,175118681354.11954,-413.71663903175505,6797.37746160288
25762402.4024024,2867162631217.2266,175333284754.14993,-414.2236314574074,6797.346476948313
25793973.973973975,2867149545522.9546,175547887175.34628,-414.73062154638876,6797.315454347674
25825545.545545544,2867136443822.246,175762488616.5105,-415.2376092958392,6797.284393801142
25857117.117117118,2867123326115.175,175977089076.44467,-415.744594702899,6797.253295308895
25888688.688688688,2867110192401.814,176191688553.95068,-416.2515777647081,6797.222158871114
25920260.260260258,2867097042682.239,176406287047.8306,-416.75855847840677,6797.1909844879765
25951831.83183183,2867083876956.5225,176620884556.88644,-417.26553684113526,6797.159772159663
25983403.4034034,2867070695224.7397,176835481079.92014,-417.7725128500337,6797.128521886351
26014974.974974975,2867057497486.9653,177050076615.7338,-418.27948650224243,6797.097233668224
26046546.546546545,2867044283743.273,177264671163.1294,-418.78645779490154,6797.065907505461
26078118.11811812,2867031053993.7373,177479264720.90897,-419.2934267251514,6797.034543398241
26109689.68968969,2867017808238.4336,177693857287.87454,-419.80039329013226,6797.003141346745
26141261.261261262,2867004546477.4355,177908448862.82822,-420.3073574869844,6796.971701351155
26172832.832832832,2866991268710.8193,178123039444.57193,-420.81431931284817,6796.9402234116515
26204404.4044044,2866977974938.6587,178337629031.90784,-421.3212787648639,6796.908707528415
26235975.975975975,2866964665161.029,178552217623.63797,-421.82823584017194,6796.877153701627
26267547.547547545,2866951339378.0054,178766805218.5644,-422.33519053591266,6796.845561931471
26299119.11911912,2866937997589.6626,178981391815.48917,-422.84214284922643,6796.813932218127
26330690.69069069,2866924639796.0767,179195977413.21436,-423.3490927772537,6796.782264561777
26362262.262262262,2866911265997.3228,179410562010.5421,-423.8560403171349,6796.750558962604
26393833.833833832,2866897876193.4756,179625145606.27448,-424.36298546601034,6796.7188154207915
26425405.405405406,2866884470384.612,179839728199.21356,-424.8699282210207,6796.687033936521
26456976.976976976,2866871048570.806,180054309788.16144,-425.3768685793062,6796.655214509977
26488548.54854855,2866857610752.1343,180268890371.92026,-425.8838065380076,6796.62335714134
26520120.12012012,2866844156928.673,180483469949.2921,-426.3907420942652,6796.591461830795
26551691.69169169,2866830687100.497,180698048519.0791,-426.8976752452196,6796.559528578527
26583263.263263263,2866817201267.683,180912626080.08347,-427.4046059880115,6796.5275573847175
26614834.834834833,2866803699430.307,181127202631.1072,-427.9115343197812,6796.4955482495525
26646406.406406406,2866790181588.445,181341778170.95255,-428.41846023766954,6796.463501173214
26677977.977977976,2866776647742.1733,181556352698.42157,-428.9253837388169,6796.43141615589
26709549.54954955,2866763097891.568,181770926212.3165,-429.4323048203641,6796.399293197762
26741121.12112112,2866749532036.706,181985498711.43942,-429.9392234794516,6796.367132299016
26772692.692692693,2866735950177.6636,182200070194.5926,-430.4461397132202,6796.334933459838
26804264.264264263,2866722352314.5176,182414640660.5781,-430.9530535188104,6796.302696680412
26835835.835835833,2866708738447.344,182629210108.19815,-431.45996489336306,6796.270421960925
26867407.407407407,2866695108576.2207,182843778536.25494,-431.9668738340189,6796.238109301561
26898978.978978977,2866681462701.2236,183058345943.55066,-432.47378033791847,6796.205758702508
26930550.55055055,2866667800822.4307,183272912328.88748,-432.98068440220277,6796.173370163952
26962122.12212212,2866654122939.918,183487477691.06763,-433.48758602401233,6796.140943686079
26993693.693693694,2866640429053.763,183702042028.8933,-433.99448520048804,6796.108479269075
27025265.265265264,2866626719164.0435,183916605341.16675,-434.5013819287707,6796.075976913128
27056836.836836837,2866612993270.836,184131167626.69012,-435.0082762060011,6796.0434366184245
27088408.408408407,2866599251374.2183,184345728884.26572,-435.51516802932,6796.0108583851525
27119979.97997998,2866585493474.268,184560289112.69574,-436.02205739586844,6795.978242213499
27151551.55155155,2866571719571.063,184774848310.78238,-436.5289443027871,6795.945588103652
27183123.12312312,2866557929664.68,184989406477.32794,-437.035828747217,6795.912896055799
27214694.694694694,2866544123755.198,185203963611.1347,-437.54271072629905,6795.880166070129
27246266.266266264,2866530301842.6943,185418519711.00488,-438.049590237174,6795.8473981468305
27277837.837837838,2866516463927.2466,185633074775.74075,-438.5564672769831,6795.814592286091
27309409.409409408,2866502610008.9336,185847628804.14456,-439.063341842867,6795.781748488102
27340980.98098098,2866488740087.833,186062181795.01862,-439.57021393196686,6795.74886675305
27372552.55255255,2866474854164.023,186276733747.16516,-440.0770835414235,6795.715947081124
27404124.124124125,2866460952237.582,186491284659.38654,-440.5839506683782,6795.682989472516
27435695.695695695,2866447034308.589,186705834530.485,-441.09081530997173,6795.649993927414
27467267.26726727,2866433100377.121,186920383359.26288,-441.59767746334535,6795.616960446008
27498838.838838838,2866419150443.2583,187134931144.52243,-442.10453712564,6795.5838890284895
27530410.410410408,2866405184507.079,187349477885.066,-442.6113942939967,6795.550779675048
27561981.98198198,2866391202568.6616,187564023579.69598,-443.11824896555675,6795.517632385873
27593553.55355355,2866377204628.085,187778568227.21457,-443.6251011374611,6795.484447161158
27625125.125125125,2866363190685.4287,187993111826.4242,-444.131950806851,6795.451224001092
27656696.696696695,2866349160740.771,188207654376.12714,-444.63879797086753,6795.417962905866
27688268.26826827,2866335114794.1914,188422195875.1258,-445.1456426266519,6795.384663875674
27719839.83983984,2866321052845.769,188636736322.22244,-445.6524847713453,6795.351326910705
27751411.411411412,2866306974895.5835,188851275716.2195,-446.159324402089,6795.317952011153
27782982.982982982,2866292880943.7144,189065814055.9193,-446.66616151602403,6795.284539177208
27814554.55455455,2866278770990.24,189280351340.12424,-447.1729961102918,6795.251088409064
27846126.126126125,2866264645035.2417,189494887567.63666,-447.67982818203365,6795.2175997069135
27877697.697697695,2866250503078.798,189709422737.25897,-448.1866577283906,6795.184073070948
27909269.26926927,2866236345120.989,189923956847.79358,-448.6934847465042,6795.150508501363
27940840.84084084,2866222171161.894,190138489898.0428,-449.20030923351567,6795.1169059983495
27972412.412412412,2866207981201.5938,190353021886.8091,-449.70713118656636,6795.083265562102
28003983.983983982,2866193775240.168,190567552812.89487,-450.2139506027975,6795.049587192813
28035555.555555556,2866179553277.697,190782082675.10254,-450.7207674793507,6795.015870890678
28067127.127127126,2866165315314.2603,190996611472.23447,-451.22758181336707,6794.98211665589
28098698.6986987,2866151061349.9395,191211139203.09314,-451.73439360198824,6794.948324488645
28130270.27027027,2866136791384.814,191425665866.48096,-452.2412028423555,6794.914494389135
28161841.84184184,2866122505418.9644,191640191461.20035,-452.74800953161036,6794.880626357557
28193413.413413413,2866108203452.4717,191854715986.05383,-453.2548136668943,6794.8467203941045
28224984.984984983,2866093885485.416,192069239439.84375,-453.76161524534865,6794.812776498974
28256556.556556556,2866079551517.8784,192283761821.37262,-454.2684142641151,6794.77879467236
28288128.128128126,2866065201549.94,192498283129.44287,-454.77521072033505,6794.744774914458
28319699.6996997,2866050835581.6816,192712803362.85703,-455.28200461115006,6794.710717225465
28351271.27127127,2866036453613.184,192927322520.4175,-455.7887959337017,6794.676621605576
28382842.842842843,2866022055644.529,193141840600.92682,-456.2955846851315,6794.642488054987
28414414.414414413,2866007641675.7964,193356357603.1874,-456.80237086258103,6794.6083165738955
28445985.985985987,2865993211707.069,193570873526.00183,-457.30915446319193,6794.574107162498
28477557.557557557,2865978765738.4272,193785388368.17255,-457.8159354841058,6794.539859820991
28509129.129129127,2865964303769.953,193999902128.50204,-458.32271392246423,6794.505574549573
28540700.7007007,2865949825801.728,194214414805.79288,-458.82948977540906,6794.47125134844
28572272.27227227,2865935331833.8335,194428926398.84753,-459.3362630400817,6794.43689021779
28603843.843843844,2865920821866.352,194643436906.46857,-459.8430337136241,6794.402491157821
28635415.415415414,2865906295899.3643,194857946327.4585,-460.34980179317773,6794.368054168731
28666986.986986987,2865891753932.953,195072454660.6198,-460.8565672758845,6794.333579250718
28698558.558558557,2865877195967.2,195286961904.7551,-461.363330158886,6794.29906640398
28730130.13013013,2865862622002.188,195501468058.66693,-461.8700904393242,6794.264515628717
28761701.7017017,2865848032037.998,195715973121.15778,-462.3768481143407,6794.229926925128
28793273.27327327,2865833426074.7134,195930477091.03027,-462.8836031810773,6794.195300293411
28824844.844844844,2865818804112.416,196144979967.08694,-463.39035563667596,6794.160635733765
28856416.416416414,2865804166151.188,196359481748.1304,-463.8971054782784,6794.125933246391
28887987.987987988,2865789512191.113,196573982432.9632,-464.4038527030265,6794.091192831488
28919559.559559558,2865774842232.2725,196788482020.38794,-464.9105973080621,6794.056414489256
28951131.13113113,2865760156274.75,197002980509.20718,-465.41733929052714,6794.021598219896
28982702.7027027,2865745454318.6284,197217477898.2235,-465.9240786475635,6793.986744023608
29014274.274274275,2865730736363.99,197431974186.23962,-466.43081537631315,6793.9518519005915
29045845.845845845,2865716002410.919,197646469372.05804,-466.9375494739179,6793.91692185105
29077417.41741742,2865701252459.497,197860963454.4814,-467.44428093751986,6793.881953875181
29108988.988988988,2865686486509.808,198075456432.31235,-467.95100976426085,6793.846947973189
29140560.560560558,2865671704561.9355,198289948304.35345,-468.457735951283,6793.811904145275
29172132.13213213,2865656906615.9624,198504439069.4074,-468.9644594957283,6793.776822391639
29203703.7037037,2865642092671.972,198718928726.27682,-469.4711803947387,6793.741702712484
29235275.275275275,2865627262730.049,198933417273.7644,-469.97789864545643,6793.706545108013
29266846.846846845,2865612416790.276,199147904710.6727,-470.4846142450233,6793.671349578428
29298418.41841842,2865597554852.737,199362391035.80444,-470.9913271905816,6793.63611612393
29329989.98998999,2865582676917.5156,199576876247.96228,-471.4980374792733,6793.600844744724
29361561.561561562,2865567782984.6963,199791360345.9489,-472.0047451082406,6793.565535441013
29393133.133133132,2865552873054.363,200005843328.56696,-472.51145007462566,6793.530188212998
29424704.704704702,2865537947126.5996,200220325194.61914,-473.01815237557054,6793.494803060885
29456276.276276276,2865523005201.49,200434805942.90814,-473.5248520082175,6793.459379984876
29487847.847847845,2865508047279.119,200649285572.23663,-474.03154896970864,6793.423918985177
29519419.41941942,2865493073359.571,200863764081.40738,-474.53824325718625,6793.38842006199
29550990.99099099,2865478083442.9297,201078241469.22302,-475.0449348677925,6793.352883215521
29582562.562562563,2865463077529.281,201292717734.48633,-475.5516237986697,6793.317308445972
29614134.134134132,2865448055618.708,201507192876.0,-476.05831004696006,6793.2816957535515
29645705.705705706,2865433017711.2964,201721666892.56674,-476.5649936098059,6793.246045138461
29677277.277277276,2865417963807.131,201936139782.9893,-477.07167448434944,6793.210356600909
29708848.84884885,2865402893906.2964,202150611546.0704,-477.5783526677331,6793.1746301410985
29740420.42042042,2865387808008.878,202365082180.61282,-478.08502815709915,6793.138865759236
29771991.99199199,2865372706114.9604,202579551685.41928,-478.5917009495899,6793.103063455528
29803563.563563563,2865357588224.629,202794020059.2926,-479.0983710423478,6793.0672232301795
29835135.135135133,2865342454337.969,203008487301.03546,-479.6050384325152,6793.031345083398
29866706.706706706,2865327304455.0664,203222953409.45068,-480.1117031172346,6792.995429015389
29898278.278278276,2865312138576.006,203437418383.341,-480.6183650936482,6792.95947502636
29929849.84984985,2865296956700.873,203651882221.50928,-481.1250243588987,6792.923483116518
29961421.42142142,2865281758829.7544,203866344922.7582,-481.63168091012835,6792.887453286069
29992992.992992993,2865266544962.7344,204080806485.89062,-482.1383347444798,6792.851385535222
30024564.564564563,2865251315099.9,204295266909.70935,-482.64498585909536,6792.815279864184
30056136.136136137,2865236069241.336,204509726193.01715,-483.1516342511177,6792.779136273163
30087707.707707707,2865220807387.1294,204724184334.61688,-483.65827991768924,6792.742954762367
30119279.279279277,2865205529537.3657,204938641333.31134,-484.16492285595257,6792.706735332004
30150850.85085085,2865190235692.1313,205153097187.90335,-484.6715630630503,6792.670477982283
30182422.42242242,2865174925851.5127,205367551897.19574,-485.17820053612496,6792.634182713413
30213993.993993994,2865159600015.596,205582005459.99136,-485.6848352723192,6792.597849525601
30245565.565565564,2865144258184.4673,205796457875.09305,-486.19146726877557,6792.561478419059
30277137.137137137,2865128900358.214,206010909141.30368,-486.6980965226368,6792.525069393995
30308708.708708707,2865113526536.922,206225359257.42603,-487.2047230310454,6792.488622450618
30340280.28028028,2865098136720.678,206439808222.26306,-487.71134679114414,6792.452137589139
30371851.85185185,2865082730909.57,206654256034.61758,-488.21796780007577,6792.415614809767
30403423.42342342,2865067309103.683,206868702693.2925,-488.72458605498286,6792.379054112714
30434994.994994994,2865051871303.1055,207083148197.0907,-489.23120155300825,6792.3424554981875
30466566.566566564,2865036417507.924,207297592544.815,-489.73781429129457,6792.305818966402
30498138.138138138,2865020947718.2256,207512035735.26837,-490.2444242669847,6792.269144517564
30529709.709709708,2865005461934.0977,207726477767.25366,-490.7510314772213,6792.232432151889
30561281.28128128,2864989960155.6274,207940918639.57385,-491.2576359191474,6792.195681869585
30592852.85285285,2864974442382.903,208155358351.03174,-491.7642375899055,6792.158893670867
30624424.424424425,2864958908616.0107,208369796900.43036,-492.27083648663864,6792.122067555943
30655995.995995995,2864943358855.0396,208584234286.57257,-492.7774326064896,6792.085203525027
30687567.56756757,2864927793100.076,208798670508.2613,-493.2840259466013,6792.048301578331
30719139.13913914,2864912211351.209,209013105564.2995,-493.79061650411654,6792.011361716069
30750710.710710708,2864896613608.526,209227539453.49008,-494.29720427617826,6791.97438393845
30782282.28228228,2864880999872.1143,209441972174.63608,-494.8037892599295,6791.93736824569
30813853.85385385,2864865370142.063,209656403726.54034,-495.310371452513,6791.900314638001
30845425.425425425,2864849724418.4595,209870834108.00595,-495.8169508510719,6791.863223115596
30876996.996996995,2864834062701.3926,210085263317.83575,-496.323527452749,6791.826093678689
30908568.56856857,2864818384990.95,210299691354.8328,-496.8301012546875,6791.788926327495
30940140.14014014,2864802691287.221,210514118217.80002,-497.3366722540302,6791.751721062225
30971711.711711712,2864786981590.294,210728543905.54044,-497.84324044792027,6791.714477883096
31003283.283283282,2864771255900.257,210942968416.857,-498.34980583350074,6791.6771967903205
31034854.854854856,2864755514217.1987,211157391750.5528,-498.8563684079146,6791.639877784114
31066426.426426426,2864739756541.2085,211371813905.43073,-499.36292816830496,6791.6025208646915
31097997.997997995,2864723982872.375,211586234880.29385,-499.869485111815,6791.565126032268
31129569.56956957,2864708193210.787,211800654673.9452,-500.3760392355878,6791.527693287058
31161141.14114114,2864692387556.5337,212015073285.18774,-500.88259053676643,6791.490222629279
31192712.712712713,2864676565909.7046,212229490712.8246,-501.3891390124941,6791.452714059144
31224284.284284282,2864660728270.3887,212443906955.6587,-501.89568465991397,6791.415167576871
31255855.855855856,2864644874638.6753,212658322012.49316,-502.4022274761693,6791.377583182674
31287427.427427426,2864629005014.654,212872735882.13098,-502.9087674584032,6791.339960876772
31318998.998999,2864613119398.4136,213087148563.37527,-503.41530460375884,6791.30230065938
31350570.57057057,2864597217790.0444,213301560055.02902,-503.92183890937963,6791.264602530716
31382142.14214214,2864581300189.636,213515970355.89536,-504.4283703724087,6791.226866490995
31413713.713713713,2864565366597.2783,213730379464.7773,-504.93489898998945,6791.189092540437
31445285.285285283,2864549417013.061,213944787380.478,-505.44142475926515,6791.151280679256
31476856.856856856,2864533451437.074,214159194101.80048,-505.94794767737903,6791.113430907673
31508428.428428426,2864517469869.408,214373599627.54782,-506.4544677414744,6791.075543225904
31540000.0,2864501472310.1523,214588003956.5232,-506.9609849486948,6791.037617634168
